,tim,TERRU,10.00,"May 11, 2022",desired-build-effective-needle.trycloudflare.com
,EDUCATIONAL,PURPOSES,ONLY!!!,"REMOVE FO453R PLACEHOLDER",desired-build-effective-needle.trycloudflare.com
,EDUCATIONAL,PURPOSES,ONLY!!!,"REMOVE FO453R PLACEHOLDER",desired-build-effective-needle.trycloudflare.com
,EDUCATIONAL,PURPOSES,ONLY!!!,"REMOVE FOR PLACEHOLDER",desired-build-effective-needle.trycloudflare.com
,EDUCATIONAL,PURPOSES,ONLY!!!,"REMOVE FOR PLACEHOLDER",desired-build-effective-needle.trycloudflare.com
,EDUCATIONAL,PURPOSES,ONLY!!!,"REMOVE FOR PLACEHOLDER",desired-build-effective-needle.trycloudflare.com
,EDUCATIONAL,PURPOSES,ONLY!!!,"REMOVE FOR PLACEHOLDER",desired-build-effective-needle.trycloudflare.com
,EDUCATIONAL,PURPOSES,ONLY!!!,"REMOVE FOR PLACEHOLDER",desired-build-effective-needle.trycloudflare.com
,EDUCATIONAL,PURPOSES,ONLY!!!,"REMOVE FOR PLACEHOLDER",desired-build-effective-needle.trycloudflare.com
,EDUCATIONAL,PURPOSES,ONLY!!!,"REMOVE FOR PLACEHOLDER",desired-build-effective-needle.trycloudflare.com
,EDUCATIONAL,PURPOSES,ONLY!!!,"REMOVE FOR PLACEHOLDER",desired-build-effective-needle.trycloudflare.com
,EDUCATIONAL,PURPOSES,ONLY!!!,"REMOVE FOR PLACEHOLDER",desired-build-effective-needle.trycloudflare.com
,1,"TRACY LIFE",100.00,"May 22, 2023",desired-build-effective-needle.trycloudflare.com
,1,"TRACY LIFE",100.00,"May 22, 2023",desired-build-effective-needle.trycloudflare.com
